seed,method,split,instance,delta_kind,num_ops,size_bucket,objective,initial_objective,best_known,final_gap,primal_integral,rounds,improving_rounds,repair_improvement
1,cpsat_cold,full,0,base,225,medium,713,,713,0.0,0.0156322378490096,0,0,0
1,cpsat_cold,full,1,duration_jitter,225,medium,720,,720,0.0,0.024904918419993524,0,0,0
1,cpsat_cold,full,2,cancellation,210,medium,705,,705,0.0,0.017724303722716807,0,0,0
1,cpsat_cold,full,3,cancellation,195,medium,671,,667,0.005997001499250375,0.02399371934359048,0,0,0
1,cpsat_cold,full,4,arrival,210,medium,680,,675,0.007407407407407408,0.01665557058165885,0,0,0
1,cpsat_warm,full,0,base,225,medium,713,,713,0.0,0.014772063458065218,0,0,0
1,cpsat_warm,full,1,duration_jitter,225,medium,731,,720,0.015277777777777777,0.08015843989531272,0,0,0
1,cpsat_warm,full,2,cancellation,210,medium,711,,705,0.00851063829787234,0.01585500817730237,0,0,0
1,cpsat_warm,full,3,cancellation,195,medium,667,,667,0.0,0.01824761409681805,0,0,0
1,cpsat_warm,full,4,arrival,210,medium,675,,675,0.0,0.025406269798245014,0,0,0
1,fixed_random_40,i8_r2_s0.5,0,base,225,medium,713,713.0,713,0.0,0.0150524367046295,55,0,0
1,fixed_random_40,i8_r2_s0.5,1,duration_jitter,225,medium,731,731.0,720,0.015277777777777777,0.08176897118293303,57,0,0
1,fixed_random_40,i8_r2_s0.5,2,cancellation,210,medium,711,711.0,705,0.00851063829787234,0.015908351525654434,64,0,0
1,fixed_random_40,i8_r2_s0.5,3,cancellation,195,medium,671,671.0,667,0.005997001499250375,0.01881205588834435,76,0,0
1,fixed_random_40,i8_r2_s0.5,4,arrival,210,medium,686,687.0,675,0.016296296296296295,0.029326440217439083,65,1,1
1,fixed_delta_40,i8_r2_s0.5,0,base,225,medium,713,713.0,713,0.0,0.0151048413257947,55,0,0
1,fixed_delta_40,i8_r2_s0.5,1,duration_jitter,225,medium,731,731.0,720,0.015277777777777777,0.08118542540337426,57,0,0
1,fixed_delta_40,i8_r2_s0.5,2,cancellation,210,medium,711,711.0,705,0.00851063829787234,0.016042976466227134,61,0,0
1,fixed_delta_40,i8_r2_s0.5,3,cancellation,195,medium,671,671.0,667,0.005997001499250375,0.018882313443939834,74,0,0
1,fixed_delta_40,i8_r2_s0.5,4,arrival,210,medium,682,687.0,675,0.01037037037037037,0.02828143778907703,69,3,5
1,fixed_critical_40,i8_r2_s0.5,0,base,225,medium,713,713.0,713,0.0,0.015290715692220822,52,0,0
1,fixed_critical_40,i8_r2_s0.5,1,duration_jitter,225,medium,731,731.0,720,0.015277777777777777,0.08104059790894504,59,0,0
1,fixed_critical_40,i8_r2_s0.5,2,cancellation,210,medium,711,711.0,705,0.00851063829787234,0.015826293157693506,64,0,0
1,fixed_critical_40,i8_r2_s0.5,3,cancellation,195,medium,671,671.0,667,0.005997001499250375,0.018694905961759496,76,0,0
1,fixed_critical_40,i8_r2_s0.5,4,arrival,210,medium,686,687.0,675,0.016296296296296295,0.02916733066929522,66,1,1
1,fixed_machine_40,i8_r2_s0.5,0,base,225,medium,713,713.0,713,0.0,0.014942628671952327,46,0,0
1,fixed_machine_40,i8_r2_s0.5,1,duration_jitter,225,medium,731,731.0,720,0.015277777777777777,0.08098851917046773,49,0,0
1,fixed_machine_40,i8_r2_s0.5,2,cancellation,210,medium,711,711.0,705,0.00851063829787234,0.015890202719127056,56,0,0
1,fixed_machine_40,i8_r2_s0.5,3,cancellation,195,medium,671,671.0,667,0.005997001499250375,0.018802863574073493,66,0,0
1,fixed_machine_40,i8_r2_s0.5,4,arrival,210,medium,687,687.0,675,0.017777777777777778,0.029344369833784512,57,0,0
1,fixed_bottleneck_40,i8_r2_s0.5,0,base,225,medium,713,713.0,713,0.0,0.014770248942842923,46,0,0
1,fixed_bottleneck_40,i8_r2_s0.5,1,duration_jitter,225,medium,731,731.0,720,0.015277777777777777,0.08033751933012452,48,0,0
1,fixed_bottleneck_40,i8_r2_s0.5,2,cancellation,210,medium,711,711.0,705,0.00851063829787234,0.015846912252104918,54,0,0
1,fixed_bottleneck_40,i8_r2_s0.5,3,cancellation,195,medium,671,671.0,667,0.005997001499250375,0.01882665140028608,64,0,0
1,fixed_bottleneck_40,i8_r2_s0.5,4,arrival,210,medium,687,687.0,675,0.017777777777777778,0.029429491424605415,54,0,0
1,fixed_critical_block_40,i8_r2_s0.5,0,base,225,medium,713,713.0,713,0.0,0.014801083235826884,53,0,0
1,fixed_critical_block_40,i8_r2_s0.5,1,duration_jitter,225,medium,731,731.0,720,0.015277777777777777,0.08153223467869081,60,0,0
1,fixed_critical_block_40,i8_r2_s0.5,2,cancellation,210,medium,711,711.0,705,0.00851063829787234,0.0158677210562808,68,0,0
1,fixed_critical_block_40,i8_r2_s0.5,3,cancellation,195,medium,671,671.0,667,0.005997001499250375,0.018697945735613838,74,0,0
1,fixed_critical_block_40,i8_r2_s0.5,4,arrival,210,medium,687,687.0,675,0.017777777777777778,0.0292818212630184,67,0,0
1,fixed_delta_expand_40,i8_r2_s0.5,0,base,225,medium,713,713.0,713,0.0,0.014819670672483378,53,0,0
1,fixed_delta_expand_40,i8_r2_s0.5,1,duration_jitter,225,medium,731,731.0,720,0.015277777777777777,0.08031806891819637,62,0,0
1,fixed_delta_expand_40,i8_r2_s0.5,2,cancellation,210,medium,711,711.0,705,0.00851063829787234,0.01585710759053389,65,0,0
1,fixed_delta_expand_40,i8_r2_s0.5,3,cancellation,195,medium,671,671.0,667,0.005997001499250375,0.0187067308849709,76,0,0
1,fixed_delta_expand_40,i8_r2_s0.5,4,arrival,210,medium,687,687.0,675,0.017777777777777778,0.029371648279096295,62,0,0
1,fixed_late_jobs_40,i8_r2_s0.5,0,base,225,medium,713,713.0,713,0.0,0.014919639678869842,29,0,0
1,fixed_late_jobs_40,i8_r2_s0.5,1,duration_jitter,225,medium,731,731.0,720,0.015277777777777777,0.08090974521557656,17,0,0
1,fixed_late_jobs_40,i8_r2_s0.5,2,cancellation,210,medium,711,711.0,705,0.00851063829787234,0.015930159975987606,85,0,0
1,fixed_late_jobs_40,i8_r2_s0.5,3,cancellation,195,medium,671,671.0,667,0.005997001499250375,0.01871301865507901,96,0,0
1,fixed_late_jobs_40,i8_r2_s0.5,4,arrival,210,medium,687,687.0,675,0.017777777777777778,0.029298728812753243,84,0,0
1,fixed_outage_window_40,i8_r2_s0.5,0,base,225,medium,713,713.0,713,0.0,0.014957687751873169,53,0,0
1,fixed_outage_window_40,i8_r2_s0.5,1,duration_jitter,225,medium,731,731.0,720,0.015277777777777777,0.08034910689989282,62,0,0
1,fixed_outage_window_40,i8_r2_s0.5,2,cancellation,210,medium,711,711.0,705,0.00851063829787234,0.015892007954122253,64,0,0
1,fixed_outage_window_40,i8_r2_s0.5,3,cancellation,195,medium,671,671.0,667,0.005997001499250375,0.018788473573891202,76,0,0
1,fixed_outage_window_40,i8_r2_s0.5,4,arrival,210,medium,687,687.0,675,0.017777777777777778,0.02940216207324044,62,0,0
1,fixed_random_40,i6_r4_s0.5,0,base,225,medium,713,713.0,713,0.0,0.014908576413886529,109,0,0
1,fixed_random_40,i6_r4_s0.5,1,duration_jitter,225,medium,733,733.0,720,0.018055555555555554,0.08174023752685672,110,0,0
1,fixed_random_40,i6_r4_s0.5,2,cancellation,210,medium,711,713.0,705,0.00851063829787234,0.016944127514630605,131,1,2
1,fixed_random_40,i6_r4_s0.5,3,cancellation,195,medium,667,667.0,667,0.0,0.007824078693369303,154,0,0
1,fixed_random_40,i6_r4_s0.5,4,arrival,210,medium,680,680.0,675,0.007407407407407408,0.028845983030451272,128,0,0
1,fixed_delta_40,i6_r4_s0.5,0,base,225,medium,713,713.0,713,0.0,0.014897222701916638,109,0,0
1,fixed_delta_40,i6_r4_s0.5,1,duration_jitter,225,medium,733,733.0,720,0.018055555555555554,0.0817416458689533,113,0,0
1,fixed_delta_40,i6_r4_s0.5,2,cancellation,210,medium,711,713.0,705,0.00851063829787234,0.01692065521015814,127,1,2
1,fixed_delta_40,i6_r4_s0.5,3,cancellation,195,medium,672,672.0,667,0.0074962518740629685,0.013597007757339028,151,0,0
1,fixed_delta_40,i6_r4_s0.5,4,arrival,210,medium,686,686.0,675,0.016296296296296295,0.03494714069127159,141,0,0
1,fixed_critical_40,i6_r4_s0.5,0,base,225,medium,713,713.0,713,0.0,0.014998479877535073,104,0,0
1,fixed_critical_40,i6_r4_s0.5,1,duration_jitter,225,medium,732,733.0,720,0.016666666666666666,0.08090526949336185,109,1,1
1,fixed_critical_40,i6_r4_s0.5,2,cancellation,210,medium,712,712.0,705,0.009929078014184398,0.01641155462778101,132,0,0
1,fixed_critical_40,i6_r4_s0.5,3,cancellation,195,medium,673,673.0,667,0.008995502248875561,0.01994209587408633,156,0,0
1,fixed_critical_40,i6_r4_s0.5,4,arrival,210,medium,684,684.0,675,0.013333333333333334,0.02541600716794427,134,0,0
1,fixed_machine_40,i6_r4_s0.5,0,base,225,medium,713,713.0,713,0.0,0.014973125315014485,94,0,0
1,fixed_machine_40,i6_r4_s0.5,1,duration_jitter,225,medium,733,733.0,720,0.018055555555555554,0.08118388722260635,96,0,0
1,fixed_machine_40,i6_r4_s0.5,2,cancellation,210,medium,711,713.0,705,0.00851063829787234,0.016980485431866473,114,1,2
1,fixed_machine_40,i6_r4_s0.5,3,cancellation,195,medium,673,673.0,667,0.008995502248875561,0.017970773002856745,137,0,0
1,fixed_machine_40,i6_r4_s0.5,4,arrival,210,medium,676,676.0,675,0.0014814814814814814,0.025018690513330517,118,0,0
1,fixed_bottleneck_40,i6_r4_s0.5,0,base,225,medium,713,713.0,713,0.0,0.014963469019572443,92,0,0
1,fixed_bottleneck_40,i6_r4_s0.5,1,duration_jitter,225,medium,733,733.0,720,0.018055555555555554,0.081236423889099,92,0,0
1,fixed_bottleneck_40,i6_r4_s0.5,2,cancellation,210,medium,711,713.0,705,0.00851063829787234,0.01692264784312416,108,1,2
1,fixed_bottleneck_40,i6_r4_s0.5,3,cancellation,195,medium,671,671.0,667,0.005997001499250375,0.01290771179021188,131,0,0
1,fixed_bottleneck_40,i6_r4_s0.5,4,arrival,210,medium,695,695.0,675,0.02962962962962963,0.04005648654150018,113,0,0
1,fixed_critical_block_40,i6_r4_s0.5,0,base,225,medium,713,713.0,713,0.0,0.014958760196080681,107,0,0
1,fixed_critical_block_40,i6_r4_s0.5,1,duration_jitter,225,medium,733,733.0,720,0.018055555555555554,0.08187577954556927,112,0,0
1,fixed_critical_block_40,i6_r4_s0.5,2,cancellation,210,medium,711,713.0,705,0.00851063829787234,0.016962581399530142,138,1,2
1,fixed_critical_block_40,i6_r4_s0.5,3,cancellation,195,medium,678,678.0,667,0.01649175412293853,0.027353124094963294,162,0,0
1,fixed_critical_block_40,i6_r4_s0.5,4,arrival,210,medium,680,680.0,675,0.007407407407407408,0.026312689041184223,132,0,0
1,fixed_delta_expand_40,i6_r4_s0.5,0,base,225,medium,713,713.0,713,0.0,0.015001028282285394,106,0,0
1,fixed_delta_expand_40,i6_r4_s0.5,1,duration_jitter,225,medium,733,733.0,720,0.018055555555555554,0.08146739194007144,114,0,0
1,fixed_delta_expand_40,i6_r4_s0.5,2,cancellation,210,medium,711,713.0,705,0.00851063829787234,0.0169384026801146,138,1,2
1,fixed_delta_expand_40,i6_r4_s0.5,3,cancellation,195,medium,674,674.0,667,0.010494752623688156,0.0197000956294803,152,0,0
1,fixed_delta_expand_40,i6_r4_s0.5,4,arrival,210,medium,687,688.0,675,0.017777777777777778,0.03857276935567992,145,1,1
1,fixed_late_jobs_40,i6_r4_s0.5,0,base,225,medium,713,713.0,713,0.0,0.015026762579736069,59,0,0
1,fixed_late_jobs_40,i6_r4_s0.5,1,duration_jitter,225,medium,733,733.0,720,0.018055555555555554,0.08190156404837687,83,0,0
1,fixed_late_jobs_40,i6_r4_s0.5,2,cancellation,210,medium,711,713.0,705,0.00851063829787234,0.017028919016985312,36,1,2
1,fixed_late_jobs_40,i6_r4_s0.5,3,cancellation,195,medium,667,667.0,667,0.0,0.011515102808377174,162,0,0
1,fixed_late_jobs_40,i6_r4_s0.5,4,arrival,210,medium,689,692.0,675,0.02074074074074074,0.032264751847402254,170,1,3
1,fixed_outage_window_40,i6_r4_s0.5,0,base,225,medium,713,713.0,713,0.0,0.01515847724483762,106,0,0
1,fixed_outage_window_40,i6_r4_s0.5,1,duration_jitter,225,medium,733,733.0,720,0.018055555555555554,0.08249093759629535,114,0,0
1,fixed_outage_window_40,i6_r4_s0.5,2,cancellation,210,medium,711,713.0,705,0.00851063829787234,0.016979190462086426,136,1,2
1,fixed_outage_window_40,i6_r4_s0.5,3,cancellation,195,medium,674,674.0,667,0.010494752623688156,0.01967323135962551,153,0,0
1,fixed_outage_window_40,i6_r4_s0.5,4,arrival,210,medium,687,688.0,675,0.017777777777777778,0.03876492893792845,145,1,1
1,fixed_random_40,i6_r4_s1,0,base,225,medium,713,713.0,713,0.0,0.015145116566427618,109,0,0
1,fixed_random_40,i6_r4_s1,1,duration_jitter,225,medium,733,733.0,720,0.018055555555555554,0.08209366240659105,109,0,0
1,fixed_random_40,i6_r4_s1,2,cancellation,210,medium,711,713.0,705,0.00851063829787234,0.016979428525677236,130,1,2
1,fixed_random_40,i6_r4_s1,3,cancellation,195,medium,667,667.0,667,0.0,0.007803172773976197,154,0,0
1,fixed_random_40,i6_r4_s1,4,arrival,210,medium,680,680.0,675,0.007407407407407408,0.02880362033378329,128,0,0
1,fixed_delta_40,i6_r4_s1,0,base,225,medium,713,713.0,713,0.0,0.015078805689140728,109,0,0
1,fixed_delta_40,i6_r4_s1,1,duration_jitter,225,medium,733,733.0,720,0.018055555555555554,0.08169617022426903,113,0,0
1,fixed_delta_40,i6_r4_s1,2,cancellation,210,medium,711,713.0,705,0.00851063829787234,0.016945190801370247,126,1,2
1,fixed_delta_40,i6_r4_s1,3,cancellation,195,medium,672,672.0,667,0.0074962518740629685,0.01362473153137177,152,0,0
1,fixed_delta_40,i6_r4_s1,4,arrival,210,medium,686,686.0,675,0.016296296296296295,0.035009180095564175,140,0,0
1,fixed_critical_40,i6_r4_s1,0,base,225,medium,713,713.0,713,0.0,0.015180072337888612,104,0,0
1,fixed_critical_40,i6_r4_s1,1,duration_jitter,225,medium,732,733.0,720,0.016666666666666666,0.08110889222017748,106,1,1
1,fixed_critical_40,i6_r4_s1,2,cancellation,210,medium,712,712.0,705,0.009929078014184398,0.017582828329656443,122,0,0
1,fixed_critical_40,i6_r4_s1,3,cancellation,195,medium,673,673.0,667,0.008995502248875561,0.02042181749575606,153,0,0
1,fixed_critical_40,i6_r4_s1,4,arrival,210,medium,684,684.0,675,0.013333333333333334,0.025763141903038893,129,0,0
1,fixed_machine_40,i6_r4_s1,0,base,225,medium,713,713.0,713,0.0,0.015540989743231998,91,0,0
1,fixed_machine_40,i6_r4_s1,1,duration_jitter,225,medium,733,733.0,720,0.018055555555555554,0.0840819548443283,91,0,0
1,fixed_machine_40,i6_r4_s1,2,cancellation,210,medium,711,713.0,705,0.00851063829787234,0.017376106904860064,106,1,2
1,fixed_machine_40,i6_r4_s1,3,cancellation,195,medium,673,673.0,667,0.008995502248875561,0.018247609790280193,137,0,0
1,fixed_machine_40,i6_r4_s1,4,arrival,210,medium,676,676.0,675,0.0014814814814814814,0.024968021529304142,119,0,0
1,fixed_bottleneck_40,i6_r4_s1,0,base,225,medium,713,713.0,713,0.0,0.015037592318302335,93,0,0
1,fixed_bottleneck_40,i6_r4_s1,1,duration_jitter,225,medium,733,733.0,720,0.018055555555555554,0.08199980477726468,92,0,0
1,fixed_bottleneck_40,i6_r4_s1,2,cancellation,210,medium,711,713.0,705,0.00851063829787234,0.01698512519184246,109,1,2
1,fixed_bottleneck_40,i6_r4_s1,3,cancellation,195,medium,671,671.0,667,0.005997001499250375,0.012951950129376189,131,0,0
1,fixed_bottleneck_40,i6_r4_s1,4,arrival,210,medium,695,695.0,675,0.02962962962962963,0.04001992736445499,113,0,0
1,fixed_critical_block_40,i6_r4_s1,0,base,225,medium,713,713.0,713,0.0,0.015075455524301163,107,0,0
1,fixed_critical_block_40,i6_r4_s1,1,duration_jitter,225,medium,733,733.0,720,0.018055555555555554,0.08159856636318488,112,0,0
1,fixed_critical_block_40,i6_r4_s1,2,cancellation,210,medium,711,713.0,705,0.00851063829787234,0.016982437370932017,136,1,2
1,fixed_critical_block_40,i6_r4_s1,3,cancellation,195,medium,678,678.0,667,0.01649175412293853,0.027314625812544013,162,0,0
1,fixed_critical_block_40,i6_r4_s1,4,arrival,210,medium,680,680.0,675,0.007407407407407408,0.026291892384114262,130,0,0
1,fixed_delta_expand_40,i6_r4_s1,0,base,225,medium,713,713.0,713,0.0,0.014996282013176768,107,0,0
1,fixed_delta_expand_40,i6_r4_s1,1,duration_jitter,225,medium,733,733.0,720,0.018055555555555554,0.08149380926952696,114,0,0
1,fixed_delta_expand_40,i6_r4_s1,2,cancellation,210,medium,711,713.0,705,0.00851063829787234,0.016960860734755105,137,1,2
1,fixed_delta_expand_40,i6_r4_s1,3,cancellation,195,medium,674,674.0,667,0.010494752623688156,0.019761616970227245,152,0,0
1,fixed_delta_expand_40,i6_r4_s1,4,arrival,210,medium,687,688.0,675,0.017777777777777778,0.038833988673859954,145,1,1
1,fixed_late_jobs_40,i6_r4_s1,0,base,225,medium,713,713.0,713,0.0,0.015177926861776237,59,0,0
1,fixed_late_jobs_40,i6_r4_s1,1,duration_jitter,225,medium,733,733.0,720,0.018055555555555554,0.08108567609390271,84,0,0
1,fixed_late_jobs_40,i6_r4_s1,2,cancellation,210,medium,711,713.0,705,0.00851063829787234,0.0169838474989342,36,1,2
1,fixed_late_jobs_40,i6_r4_s1,3,cancellation,195,medium,667,667.0,667,0.0,0.011554897638316882,161,0,0
1,fixed_late_jobs_40,i6_r4_s1,4,arrival,210,medium,689,692.0,675,0.02074074074074074,0.03225223434813043,169,1,3
1,fixed_outage_window_40,i6_r4_s1,0,base,225,medium,713,713.0,713,0.0,0.015130092844746316,106,0,0
1,fixed_outage_window_40,i6_r4_s1,1,duration_jitter,225,medium,733,733.0,720,0.018055555555555554,0.08221080844203653,114,0,0
1,fixed_outage_window_40,i6_r4_s1,2,cancellation,210,medium,711,713.0,705,0.00851063829787234,0.017000330975770455,137,1,2
1,fixed_outage_window_40,i6_r4_s1,3,cancellation,195,medium,674,674.0,667,0.010494752623688156,0.019694338606196994,153,0,0
1,fixed_outage_window_40,i6_r4_s1,4,arrival,210,medium,687,688.0,675,0.017777777777777778,0.03849786652934186,145,1,1
2,cpsat_cold,full,0,base,225,medium,710,,699,0.015736766809728183,0.03276339742699049,0,0,0
2,cpsat_cold,full,1,duration_jitter,225,medium,725,,712,0.018258426966292134,0.03391466138389741,0,0,0
2,cpsat_cold,full,2,arrival,240,medium,735,,726,0.012396694214876033,0.052797023504537896,0,0,0
2,cpsat_cold,full,3,duration_jitter,240,medium,742,,729,0.01783264746227709,0.02758968711697892,0,0,0
2,cpsat_cold,full,4,outage,240,medium,745,,736,0.012228260869565218,0.03807218227318472,0,0,0
2,cpsat_warm,full,0,base,225,medium,710,,699,0.015736766809728183,0.03279543219230225,0,0,0
2,cpsat_warm,full,1,duration_jitter,225,medium,717,,712,0.007022471910112359,0.039412966772264475,0,0,0
2,cpsat_warm,full,2,arrival,240,medium,728,,726,0.0027548209366391185,0.025629374079001205,0,0,0
2,cpsat_warm,full,3,duration_jitter,240,medium,732,,729,0.00411522633744856,0.03050319278249513,0,0,0
2,cpsat_warm,full,4,outage,240,medium,751,,736,0.020380434782608696,0.036427953587929586,0,0,0
2,fixed_random_40,i8_r2_s0.5,0,base,225,medium,705,712.0,699,0.008583690987124463,0.03126165705494592,57,3,7
2,fixed_random_40,i8_r2_s0.5,1,duration_jitter,225,medium,721,725.0,712,0.012640449438202247,0.04552641576476898,59,1,4
2,fixed_random_40,i8_r2_s0.5,2,arrival,240,medium,751,772.0,726,0.03443526170798898,0.07159889643916367,44,3,21
2,fixed_random_40,i8_r2_s0.5,3,duration_jitter,240,medium,729,743.0,729,0.0,0.034849573041454376,45,5,14
2,fixed_random_40,i8_r2_s0.5,4,outage,240,medium,736,742.0,736,0.0,0.05379177487227771,48,4,6
2,fixed_delta_40,i8_r2_s0.5,0,base,225,medium,705,712.0,699,0.008583690987124463,0.031239266883199994,57,3,7
2,fixed_delta_40,i8_r2_s0.5,1,duration_jitter,225,medium,721,725.0,712,0.012640449438202247,0.04577336172612752,61,1,4
2,fixed_delta_40,i8_r2_s0.5,2,arrival,240,medium,726,732.0,726,0.0,0.03185351086183038,50,3,6
2,fixed_delta_40,i8_r2_s0.5,3,duration_jitter,240,medium,729,744.0,729,0.0,0.05987574246611661,50,2,15
2,fixed_delta_40,i8_r2_s0.5,4,outage,240,medium,754,763.0,736,0.024456521739130436,0.047332115645823916,48,4,9
2,fixed_critical_40,i8_r2_s0.5,0,base,225,medium,705,712.0,699,0.008583690987124463,0.031101860967273232,57,3,7
2,fixed_critical_40,i8_r2_s0.5,1,duration_jitter,225,medium,725,725.0,712,0.018258426966292134,0.03211071978164073,51,0,0
2,fixed_critical_40,i8_r2_s0.5,2,arrival,240,medium,752,753.0,726,0.03581267217630854,0.0506492964905783,48,1,1
2,fixed_critical_40,i8_r2_s0.5,3,duration_jitter,240,medium,751,755.0,729,0.03017832647462277,0.04448256117651616,47,2,4
2,fixed_critical_40,i8_r2_s0.5,4,outage,240,medium,745,745.0,736,0.012228260869565218,0.04014411976375255,30,0,0
2,fixed_machine_40,i8_r2_s0.5,0,base,225,medium,705,712.0,699,0.008583690987124463,0.03130820569841179,49,4,7
2,fixed_machine_40,i8_r2_s0.5,1,duration_jitter,225,medium,736,736.0,712,0.033707865168539325,0.05305136509417565,49,0,0
2,fixed_machine_40,i8_r2_s0.5,2,arrival,240,medium,741,747.0,726,0.02066115702479339,0.048014938110392175,34,1,6
2,fixed_machine_40,i8_r2_s0.5,3,duration_jitter,240,medium,744,744.0,729,0.0205761316872428,0.043132323459326063,42,0,0
2,fixed_machine_40,i8_r2_s0.5,4,outage,240,medium,757,757.0,736,0.028532608695652172,0.06298321497231725,34,0,0
2,fixed_bottleneck_40,i8_r2_s0.5,0,base,225,medium,710,712.0,699,0.015736766809728183,0.03238414725581366,47,1,2
2,fixed_bottleneck_40,i8_r2_s0.5,1,duration_jitter,225,medium,712,712.0,712,0.0,0.02678556876688959,46,0,0
2,fixed_bottleneck_40,i8_r2_s0.5,2,arrival,240,medium,749,749.0,726,0.03168044077134986,0.0668649377153411,39,0,0
2,fixed_bottleneck_40,i8_r2_s0.5,3,duration_jitter,240,medium,753,753.0,729,0.03292181069958848,0.05769902012382464,40,0,0
2,fixed_bottleneck_40,i8_r2_s0.5,4,outage,240,medium,750,750.0,736,0.019021739130434784,0.04271023061573546,41,0,0
2,fixed_critical_block_40,i8_r2_s0.5,0,base,225,medium,712,712.0,699,0.01859799713876967,0.032764081001892625,47,0,0
2,fixed_critical_block_40,i8_r2_s0.5,1,duration_jitter,225,medium,747,747.0,712,0.04915730337078652,0.05971733452885898,55,0,0
2,fixed_critical_block_40,i8_r2_s0.5,2,arrival,240,medium,739,740.0,726,0.01790633608815427,0.04414429876017068,49,1,1
2,fixed_critical_block_40,i8_r2_s0.5,3,duration_jitter,240,medium,742,742.0,729,0.01783264746227709,0.049314959284113925,51,0,0
2,fixed_critical_block_40,i8_r2_s0.5,4,outage,240,medium,745,745.0,736,0.012228260869565218,0.03017761369463028,50,0,0
2,fixed_delta_expand_40,i8_r2_s0.5,0,base,225,medium,712,712.0,699,0.01859799713876967,0.032424777394485585,47,0,0
2,fixed_delta_expand_40,i8_r2_s0.5,1,duration_jitter,225,medium,747,747.0,712,0.04915730337078652,0.05979420563163238,55,0,0
2,fixed_delta_expand_40,i8_r2_s0.5,2,arrival,240,medium,736,740.0,726,0.013774104683195593,0.04319760037136948,53,2,4
2,fixed_delta_expand_40,i8_r2_s0.5,3,duration_jitter,240,medium,732,732.0,729,0.00411522633744856,0.04880214195023165,54,0,0
2,fixed_delta_expand_40,i8_r2_s0.5,4,outage,240,medium,753,753.0,736,0.02309782608695652,0.06578204645826272,42,0,0
2,fixed_late_jobs_40,i8_r2_s0.5,0,base,225,medium,705,712.0,699,0.008583690987124463,0.030572646984981057,5,1,7
2,fixed_late_jobs_40,i8_r2_s0.5,1,duration_jitter,225,medium,728,728.0,712,0.02247191011235955,0.04677345987376325,7,0,0
2,fixed_late_jobs_40,i8_r2_s0.5,2,arrival,240,medium,744,748.0,726,0.024793388429752067,0.05773493294428057,4,1,4
2,fixed_late_jobs_40,i8_r2_s0.5,3,duration_jitter,240,medium,762,762.0,729,0.04526748971193416,0.058778479412154624,35,0,0
2,fixed_late_jobs_40,i8_r2_s0.5,4,outage,240,medium,746,746.0,736,0.01358695652173913,0.035570626100643904,54,0,0
2,fixed_outage_window_40,i8_r2_s0.5,0,base,225,medium,712,712.0,699,0.01859799713876967,0.03230882823984462,48,0,0
2,fixed_outage_window_40,i8_r2_s0.5,1,duration_jitter,225,medium,747,747.0,712,0.04915730337078652,0.05962230926336233,56,0,0
2,fixed_outage_window_40,i8_r2_s0.5,2,arrival,240,medium,736,740.0,726,0.013774104683195593,0.04283773221042099,53,2,4
2,fixed_outage_window_40,i8_r2_s0.5,3,duration_jitter,240,medium,732,732.0,729,0.00411522633744856,0.04875431827542009,55,0,0
2,fixed_outage_window_40,i8_r2_s0.5,4,outage,240,medium,753,753.0,736,0.02309782608695652,0.06560344665017709,42,0,0
2,fixed_random_40,i6_r4_s0.5,0,base,225,medium,712,714.0,699,0.01859799713876967,0.03250926947831133,105,2,2
2,fixed_random_40,i6_r4_s0.5,1,duration_jitter,225,medium,722,723.0,712,0.014044943820224719,0.03535109322086541,108,1,1
2,fixed_random_40,i6_r4_s0.5,2,arrival,240,medium,740,749.0,726,0.01928374655647383,0.04473663380315585,74,4,9
2,fixed_random_40,i6_r4_s0.5,3,duration_jitter,240,medium,742,745.0,729,0.01783264746227709,0.03843389862817131,91,2,3
2,fixed_random_40,i6_r4_s0.5,4,outage,240,medium,754,754.0,736,0.024456521739130436,0.035896507229351664,45,0,0
2,fixed_delta_40,i6_r4_s0.5,0,base,225,medium,712,714.0,699,0.01859799713876967,0.03296055556021802,99,2,2
2,fixed_delta_40,i6_r4_s0.5,1,duration_jitter,225,medium,725,733.0,712,0.018258426966292134,0.037398109294629764,113,4,8
2,fixed_delta_40,i6_r4_s0.5,2,arrival,240,medium,755,760.0,726,0.03994490358126722,0.05722419919997958,107,1,5
2,fixed_delta_40,i6_r4_s0.5,3,duration_jitter,240,medium,739,740.0,729,0.013717421124828532,0.03262589007787475,105,1,1
2,fixed_delta_40,i6_r4_s0.5,4,outage,240,medium,752,758.0,736,0.021739130434782608,0.05510612364533576,96,4,6
2,fixed_critical_40,i6_r4_s0.5,0,base,225,medium,699,714.0,699,0.0,0.026552847880845616,107,7,15
2,fixed_critical_40,i6_r4_s0.5,1,duration_jitter,225,medium,739,746.0,712,0.037921348314606744,0.05711412246314825,91,2,7
2,fixed_critical_40,i6_r4_s0.5,2,arrival,240,medium,727,742.0,726,0.0013774104683195593,0.03761379935925158,87,8,15
2,fixed_critical_40,i6_r4_s0.5,3,duration_jitter,240,medium,755,767.0,729,0.03566529492455418,0.05876285852650398,67,2,12
2,fixed_critical_40,i6_r4_s0.5,4,outage,240,medium,750,750.0,736,0.019021739130434784,0.041610881095612465,65,0,0
2,fixed_machine_40,i6_r4_s0.5,0,base,225,medium,712,714.0,699,0.01859799713876967,0.03330130972745027,100,2,2
2,fixed_machine_40,i6_r4_s0.5,1,duration_jitter,225,medium,727,732.0,712,0.021067415730337078,0.034832651223274454,102,1,5
2,fixed_machine_40,i6_r4_s0.5,2,arrival,240,medium,746,757.0,726,0.027548209366391185,0.049813556883271805,78,3,11
2,fixed_machine_40,i6_r4_s0.5,3,duration_jitter,240,medium,757,757.0,729,0.038408779149519894,0.05099900002064013,86,0,0
2,fixed_machine_40,i6_r4_s0.5,4,outage,240,medium,751,755.0,736,0.020380434782608696,0.036607782300214484,87,2,4
2,fixed_bottleneck_40,i6_r4_s0.5,0,base,225,medium,714,714.0,699,0.02145922746781116,0.03377894430204119,97,0,0
2,fixed_bottleneck_40,i6_r4_s0.5,1,duration_jitter,225,medium,731,731.0,712,0.026685393258426966,0.045506679785381136,93,0,0
2,fixed_bottleneck_40,i6_r4_s0.5,2,arrival,240,medium,758,759.0,726,0.0440771349862259,0.06107302044530155,81,1,1
2,fixed_bottleneck_40,i6_r4_s0.5,3,duration_jitter,240,medium,768,769.0,729,0.053497942386831275,0.06717761087859567,33,1,1
2,fixed_bottleneck_40,i6_r4_s0.5,4,outage,240,medium,766,766.0,736,0.04076086956521739,0.049886061237643636,81,0,0
2,fixed_critical_block_40,i6_r4_s0.5,0,base,225,medium,701,714.0,699,0.002861230329041488,0.026481458069597553,116,3,13
2,fixed_critical_block_40,i6_r4_s0.5,1,duration_jitter,225,medium,727,727.0,712,0.021067415730337078,0.03341290343650438,117,0,0
2,fixed_critical_block_40,i6_r4_s0.5,2,arrival,240,medium,754,756.0,726,0.03856749311294766,0.05342771555118283,102,1,2
2,fixed_critical_block_40,i6_r4_s0.5,3,duration_jitter,240,medium,743,756.0,729,0.019204389574759947,0.0499562906032399,13,4,13
2,fixed_critical_block_40,i6_r4_s0.5,4,outage,240,medium,751,751.0,736,0.020380434782608696,0.037034149242536694,104,0,0
2,fixed_delta_expand_40,i6_r4_s0.5,0,base,225,medium,701,714.0,699,0.002861230329041488,0.026723894278422432,117,3,13
2,fixed_delta_expand_40,i6_r4_s0.5,1,duration_jitter,225,medium,727,727.0,712,0.021067415730337078,0.03349493337845254,92,0,0
2,fixed_delta_expand_40,i6_r4_s0.5,2,arrival,240,medium,754,756.0,726,0.03856749311294766,0.052868743955861476,97,1,2
2,fixed_delta_expand_40,i6_r4_s0.5,3,duration_jitter,240,medium,740,740.0,729,0.015089163237311385,0.039338477337102926,99,0,0
2,fixed_delta_expand_40,i6_r4_s0.5,4,outage,240,medium,754,755.0,736,0.024456521739130436,0.04108970043671829,93,1,1
2,fixed_late_jobs_40,i6_r4_s0.5,0,base,225,medium,714,714.0,699,0.02145922746781116,0.03388174598202513,22,0,0
2,fixed_late_jobs_40,i6_r4_s0.5,1,duration_jitter,225,medium,728,731.0,712,0.02247191011235955,0.04398381155812552,132,1,3
2,fixed_late_jobs_40,i6_r4_s0.5,2,arrival,240,medium,747,747.0,726,0.028925619834710745,0.0427512834245947,133,0,0
2,fixed_late_jobs_40,i6_r4_s0.5,3,duration_jitter,240,medium,739,739.0,729,0.013717421124828532,0.03942731356323155,90,0,0
2,fixed_late_jobs_40,i6_r4_s0.5,4,outage,240,medium,772,772.0,736,0.04891304347826087,0.05881858145278427,136,0,0
2,fixed_outage_window_40,i6_r4_s0.5,0,base,225,medium,701,714.0,699,0.002861230329041488,0.026643783343811463,121,3,13
2,fixed_outage_window_40,i6_r4_s0.5,1,duration_jitter,225,medium,727,727.0,712,0.021067415730337078,0.0333851906465804,94,0,0
2,fixed_outage_window_40,i6_r4_s0.5,2,arrival,240,medium,753,753.0,726,0.0371900826446281,0.05215348221013916,100,0,0
2,fixed_outage_window_40,i6_r4_s0.5,3,duration_jitter,240,medium,741,741.0,729,0.01646090534979424,0.03272355536394738,110,0,0
2,fixed_outage_window_40,i6_r4_s0.5,4,outage,240,medium,748,749.0,736,0.016304347826086956,0.039442736590519945,100,1,1
2,fixed_random_40,i6_r4_s1,0,base,225,medium,712,714.0,699,0.01859799713876967,0.03273640238727495,104,2,2
2,fixed_random_40,i6_r4_s1,1,duration_jitter,225,medium,721,721.0,712,0.012640449438202247,0.03439659016153967,98,0,0
2,fixed_random_40,i6_r4_s1,2,arrival,240,medium,738,742.0,726,0.01652892561983471,0.05556115095273769,79,3,4
2,fixed_random_40,i6_r4_s1,3,duration_jitter,240,medium,736,749.0,729,0.009602194787379973,0.037512166100413344,64,4,13
2,fixed_random_40,i6_r4_s1,4,outage,240,medium,742,745.0,736,0.008152173913043478,0.034014607450424804,105,1,3
2,fixed_delta_40,i6_r4_s1,0,base,225,medium,712,714.0,699,0.01859799713876967,0.03264183854629356,105,2,2
2,fixed_delta_40,i6_r4_s1,1,duration_jitter,225,medium,721,722.0,712,0.012640449438202247,0.03446547783436822,110,1,1
2,fixed_delta_40,i6_r4_s1,2,arrival,240,medium,741,753.0,726,0.02066115702479339,0.04996754634353627,67,4,12
2,fixed_delta_40,i6_r4_s1,3,duration_jitter,240,medium,753,756.0,729,0.03292181069958848,0.046781548247211084,65,3,3
2,fixed_delta_40,i6_r4_s1,4,outage,240,medium,750,753.0,736,0.019021739130434784,0.04746372186494667,100,3,3
2,fixed_critical_40,i6_r4_s1,0,base,225,medium,699,714.0,699,0.0,0.02619415680999526,112,7,15
2,fixed_critical_40,i6_r4_s1,1,duration_jitter,225,medium,739,746.0,712,0.037921348314606744,0.05698273653505661,81,2,7
2,fixed_critical_40,i6_r4_s1,2,arrival,240,medium,744,747.0,726,0.024793388429752067,0.04305516536372901,106,2,3
2,fixed_critical_40,i6_r4_s1,3,duration_jitter,240,medium,737,743.0,729,0.010973936899862825,0.03587906413335296,98,4,6
2,fixed_critical_40,i6_r4_s1,4,outage,240,medium,761,761.0,736,0.033967391304347824,0.05538285853647762,103,0,0
2,fixed_machine_40,i6_r4_s1,0,base,225,medium,712,714.0,699,0.01859799713876967,0.0331497960044639,105,2,2
2,fixed_machine_40,i6_r4_s1,1,duration_jitter,225,medium,727,732.0,712,0.021067415730337078,0.034817619341641584,104,1,5
2,fixed_machine_40,i6_r4_s1,2,arrival,240,medium,746,757.0,726,0.027548209366391185,0.04943406971205733,79,3,11
2,fixed_machine_40,i6_r4_s1,3,duration_jitter,240,medium,757,757.0,729,0.038408779149519894,0.05075813322353582,89,0,0
2,fixed_machine_40,i6_r4_s1,4,outage,240,medium,751,755.0,736,0.020380434782608696,0.036134991878980546,89,2,4
2,fixed_bottleneck_40,i6_r4_s1,0,base,225,medium,714,714.0,699,0.02145922746781116,0.033689559636406394,99,0,0
2,fixed_bottleneck_40,i6_r4_s1,1,duration_jitter,225,medium,731,731.0,712,0.026685393258426966,0.04484589155263473,97,0,0
2,fixed_bottleneck_40,i6_r4_s1,2,arrival,240,medium,758,759.0,726,0.0440771349862259,0.06077917456677726,85,1,1
2,fixed_bottleneck_40,i6_r4_s1,3,duration_jitter,240,medium,768,769.0,729,0.053497942386831275,0.06684804251422707,35,1,1
2,fixed_bottleneck_40,i6_r4_s1,4,outage,240,medium,766,766.0,736,0.04076086956521739,0.04945273885485853,84,0,0
2,fixed_critical_block_40,i6_r4_s1,0,base,225,medium,701,714.0,699,0.002861230329041488,0.026642238881047754,120,3,13
2,fixed_critical_block_40,i6_r4_s1,1,duration_jitter,225,medium,727,727.0,712,0.021067415730337078,0.03295096538761379,124,0,0
2,fixed_critical_block_40,i6_r4_s1,2,arrival,240,medium,753,753.0,726,0.0371900826446281,0.05202965744373074,102,0,0
2,fixed_critical_block_40,i6_r4_s1,3,duration_jitter,240,medium,741,741.0,729,0.01646090534979424,0.03245683289681951,113,0,0
2,fixed_critical_block_40,i6_r4_s1,4,outage,240,medium,748,749.0,736,0.016304347826086956,0.03924844769629919,105,1,1
2,fixed_delta_expand_40,i6_r4_s1,0,base,225,medium,701,714.0,699,0.002861230329041488,0.02655335433539823,120,3,13
2,fixed_delta_expand_40,i6_r4_s1,1,duration_jitter,225,medium,727,727.0,712,0.021067415730337078,0.03319554259281004,95,0,0
2,fixed_delta_expand_40,i6_r4_s1,2,arrival,240,medium,754,756.0,726,0.03856749311294766,0.05257065131140748,94,1,2
2,fixed_delta_expand_40,i6_r4_s1,3,duration_jitter,240,medium,740,740.0,729,0.015089163237311385,0.03968582640177888,99,0,0
2,fixed_delta_expand_40,i6_r4_s1,4,outage,240,medium,754,755.0,736,0.024456521739130436,0.04077550691784024,94,1,1
2,fixed_late_jobs_40,i6_r4_s1,0,base,225,medium,714,714.0,699,0.02145922746781116,0.03388076371687597,22,0,0
2,fixed_late_jobs_40,i6_r4_s1,1,duration_jitter,225,medium,728,731.0,712,0.02247191011235955,0.04382435413347423,133,1,3
2,fixed_late_jobs_40,i6_r4_s1,2,arrival,240,medium,747,747.0,726,0.028925619834710745,0.04228843749805801,136,0,0
2,fixed_late_jobs_40,i6_r4_s1,3,duration_jitter,240,medium,734,738.0,729,0.006858710562414266,0.03641816356668645,124,2,4
2,fixed_late_jobs_40,i6_r4_s1,4,outage,240,medium,750,750.0,736,0.019021739130434784,0.041014479219503984,58,0,0
2,fixed_outage_window_40,i6_r4_s1,0,base,225,medium,701,714.0,699,0.002861230329041488,0.026734944818110385,117,3,13
2,fixed_outage_window_40,i6_r4_s1,1,duration_jitter,225,medium,727,727.0,712,0.021067415730337078,0.03344859608483868,94,0,0
2,fixed_outage_window_40,i6_r4_s1,2,arrival,240,medium,753,753.0,726,0.0371900826446281,0.05204969510065964,98,0,0
2,fixed_outage_window_40,i6_r4_s1,3,duration_jitter,240,medium,741,741.0,729,0.01646090534979424,0.032489380094182646,110,0,0
2,fixed_outage_window_40,i6_r4_s1,4,outage,240,medium,748,749.0,736,0.016304347826086956,0.03948642997177594,99,1,1
